mutation_probability,crossover_rate,mu,lambda,k,min_average,min_stddev
0.018317703302043006,0.8754767404002548,40,60,13,11145.8,8230.58208512618